{"train/entropy_loss": 0.6682062149047852, "_timestamp": 1717173982.0822861, "train/grad_norm": 4.749694347381592, "train/td_error_abs": 0.36026883875049137, "train/q_taken_mean": 1.059596108490566, "train/target_mean": 1.143576337706368, "normalized_episode_reward_mean": 1.0138440132141113, "_runtime": 37.00664520263672, "_step": 30818}